solver,hc_simple,hc_gaussian_1,hc_gaussian_2,hc_simple_cc,sage
graph0001.hcp,.016,.017,.017,.045,0.850
graph0002.hcp,.018,.045,.017,.054,0.750
graph0003.hcp,.013,.013,.013,.024,1.440
graph0004.hcp,.137,.126,.101,.405,0.970
graph0005.hcp,.024,.026,.028,.086,2.390
graph0006.hcp,.045,.045,.042,.159,0.950
graph0007.hcp,.043,.047,.054,.257,3.990
graph0008.hcp,.172,.188,.153,.588,1.020
graph0009.hcp,.087,.089,.091,.221,9.700
graph0010.hcp,.095,.106,.113,.167,1.120
graph0011.hcp,.052,.055,.051,.241,14.270
graph0012.hcp,.266,.295,.213,1.741,44.460
graph0013.hcp,.065,.061,.067,.198,19.690
graph0014.hcp,.189,.190,.204,.453,1.040
graph0015.hcp,.112,.120,.116,.511,21.800
graph0016.hcp,.243,.263,.191,.306,168.570
graph0017.hcp,.101,.111,.113,.389,35.960
graph0018.hcp,.214,.215,.260,.778,0.800
graph0019.hcp,.050,.054,.053,2.326,6.930
graph0020.hcp,.078,.085,.091,.627,48.640
graph0021.hcp,.359,.412,.345,.392,*
graph0022.hcp,.282,.236,.222,.645,74.680
graph0023.hcp,.124,.126,.141,.472,2.100
graph0024.hcp,.220,.244,.231,.649,56.160
graph0025.hcp,.647,.700,.469,1.657,*
graph0026.hcp,.299,.332,.333,.655,175.560
graph0027.hcp,.187,.189,.204,.650,1.890
graph0028.hcp,.217,.227,.208,.658,272.950
graph0029.hcp,.195,.219,.151,.959,*
graph0030.hcp,.119,.128,.128,1.118,194.740
graph0031.hcp,.324,.333,.365,.910,2.240
graph0032.hcp,.222,.243,.233,1.124,477.950
graph0033.hcp,.460,.509,.345,1.112,*
graph0034.hcp,.364,.395,.322,.874,425.490
graph0035.hcp,1.055,1.074,1.126,.860,0.780
graph0036.hcp,.547,.569,.559,1.306,*
graph0037.hcp,.617,.696,.351,.757,*
graph0038.hcp,.256,.250,.255,1.074,*
graph0039.hcp,.327,.363,.443,.854,4.350
graph0040.hcp,.283,.307,.352,1.298,*
graph0041.hcp,1.226,1.385,1.051,2.150,*
graph0042.hcp,.462,.410,.400,1.598,*
graph0043.hcp,.238,.262,.263,1.085,2.010
graph0044.hcp,.363,.370,.369,1.962,*
graph0045.hcp,.482,.489,.367,1.977,*
graph0046.hcp,.163,.176,.173,1.274,*
graph0047.hcp,1.175,1.516,1.085,1.393,5.370
graph0048.hcp,.096,.109,.107,10.738,39.810
graph0049.hcp,.395,.446,.436,2.219,*
graph0050.hcp,1.744,1.893,1.333,3.248,*
graph0051.hcp,.450,.624,.598,2.432,*
graph0052.hcp,.529,.554,.567,1.781,0.830
graph0053.hcp,.714,.780,.766,2.008,*
graph0054.hcp,.750,.859,.601,2.455,*
graph0055.hcp,.737,.709,.708,2.010,*
graph0056.hcp,.681,.747,.796,1.750,4.410
graph0057.hcp,.895,.852,.887,2.075,*
graph0058.hcp,.804,.972,.528,3.235,*
graph0060.hcp,.472,.474,.468,2.539,*
graph0061.hcp,1.545,1.498,1.625,2.935,5.920
graph0062.hcp,.113,.132,.143,12.599,*
graph0063.hcp,1.147,1.382,1.345,2.763,*
graph0064.hcp,.016,.018,.017,.174,1.000
graph0065.hcp,1.091,1.329,.950,6.187,*
graph0066.hcp,.318,.347,.362,3.052,*
graph0067.hcp,.903,.912,.905,2.999,5.200
graph0068.hcp,1.127,1.382,1.371,2.923,*
graph0069.hcp,1.186,.988,.663,3.554,*
graph0070.hcp,1.261,1.429,1.377,3.573,*
graph0071.hcp,2.034,2.182,2.105,3.049,5.570
graph0073.hcp,.445,.505,.397,4.303,*
graph0075.hcp,3.835,5.148,3.430,5.646,*
graph0076.hcp,.096,.102,.096,3.860,65.430
graph0077.hcp,.441,.465,.474,4.150,*
graph0078.hcp,1.372,1.621,1.651,1.894,6.490
graph0080.hcp,.443,.478,.482,3.503,*
graph0081.hcp,2.937,4.920,2.729,4.518,*
graph0082.hcp,.047,.046,.046,.230,0.970
graph0083.hcp,.381,.403,.403,3.210,*
graph0085.hcp,.535,.641,.780,3.112,12.190
graph0086.hcp,.116,.128,.112,4.786,97.530
graph0087.hcp,.177,.199,.198,12.269,177.310
graph0088.hcp,.168,.185,.176,4.889,137.490
graph0089.hcp,1.582,1.974,1.350,4.735,*
graph0091.hcp,.998,1.113,.987,4.703,*
graph0092.hcp,1.607,1.802,1.878,4.759,*
graph0093.hcp,1.420,1.529,1.735,4.486,6.100
graph0094.hcp,.852,.986,.736,5.908,*
graph0095.hcp,2.228,2.663,1.680,5.874,*
graph0097.hcp,.834,.954,.906,3.971,*
graph0099.hcp,1.667,2.685,1.993,4.973,18.130
graph0100.hcp,.957,1.413,1.500,6.112,*
graph0101.hcp,2.593,2.609,1.560,10.343,*
graph0102.hcp,1.021,.976,.986,6.551,*
graph0103.hcp,2.200,3.358,3.399,6.185,17.100
graph0104.hcp,.068,.068,.066,.305,12.940
graph0105.hcp,.927,.944,.921,4.440,*
graph0106.hcp,2.499,2.861,2.085,8.131,*
graph0107.hcp,2.110,2.798,2.679,4.909,*
graph0108.hcp,1.400,1.443,1.713,8.862,7.100
graph0111.hcp,1.861,1.772,1.850,5.404,*
graph0112.hcp,1.851,1.908,1.453,9.512,*
graph0113.hcp,1.848,2.170,1.769,6.475,*
graph0114.hcp,2.689,3.639,3.664,4.247,10.810
graph0115.hcp,.190,.207,.193,8.821,152.730
graph0116.hcp,1.521,1.862,1.283,7.610,*
graph0117.hcp,.136,.147,.135,7.984,257.170
graph0118.hcp,2.941,3.115,2.462,7.575,*
graph0119.hcp,.924,1.202,1.266,8.732,*
graph0120.hcp,.465,.528,.536,8.156,16.080
graph0121.hcp,.963,.966,1.257,7.425,*
graph0122.hcp,.092,.090,.084,.323,1.610
graph0123.hcp,.193,.232,.218,9.049,152.860
graph0124.hcp,3.015,3.632,2.368,10.474,*
graph0125.hcp,1.516,1.547,1.617,7.310,10.170
graph0126.hcp,.203,.225,.189,8.696,190.880
graph0127.hcp,.237,.285,.236,30.915,*
graph0129.hcp,2.720,3.037,1.995,12.329,*
graph0131.hcp,4.263,4.671,4.758,6.433,18.490
graph0132.hcp,1.665,1.892,1.209,9.583,*
graph0133.hcp,5.809,6.629,6.568,11.690,10.460
graph0135.hcp,.203,.219,.250,39.606,*
graph0136.hcp,3.957,4.489,3.323,15.606,*
graph0137.hcp,.055,.059,.051,.376,2.260
graph0138.hcp,1.431,1.401,1.678,8.058,12.310
graph0139.hcp,.230,.274,.267,10.990,372.010
graph0140.hcp,3.626,5.101,3.354,18.886,*
graph0141.hcp,3.321,3.929,4.214,9.447,15.040
graph0142.hcp,2.021,1.567,1.375,8.958,*
graph0143.hcp,3.086,3.570,3.178,10.192,20.800
graph0146.hcp,4.748,5.175,4.016,11.867,*
graph0147.hcp,1.374,1.567,1.536,8.635,31.050
graph0148.hcp,.112,.110,.109,.564,1.960
graph0151.hcp,7.506,8.342,5.230,17.140,*
graph0152.hcp,2.339,2.363,2.410,10.927,14.370
graph0153.hcp,.230,.259,.255,70.334,468.220
graph0154.hcp,.267,.294,.259,15.385,450.590
graph0155.hcp,1.973,2.043,1.391,15.693,*
graph0156.hcp,3.689,3.882,2.983,*,*
graph0157.hcp,3.523,4.107,4.044,10.845,12.400
graph0158.hcp,4.207,5.393,3.936,13.465,*
graph0159.hcp,.749,.789,.789,10.993,17.500
graph0160.hcp,.133,.137,.135,.473,1.430
graph0161.hcp,3.215,3.274,2.295,14.819,*
graph0163.hcp,2.812,3.445,3.455,9.990,10.960
graph0164.hcp,6.100,6.644,4.028,18.459,*
graph0165.hcp,3.051,3.174,3.186,13.379,22.600
graph0166.hcp,11.822,14.529,10.858,13.483,*
graph0167.hcp,2.141,3.156,3.194,10.623,15.940
graph0168.hcp,8.486,9.167,6.525,19.466,*
graph0169.hcp,.079,.081,.082,.603,2.350
graph0170.hcp,3.509,3.899,3.945,13.011,27.900
graph0171.hcp,2.649,2.937,2.045,16.921,*
graph0174.hcp,5.596,7.308,7.312,16.855,22.600
graph0175.hcp,.305,.331,.325,52.115,*
graph0176.hcp,5.463,6.337,4.549,13.808,*
graph0177.hcp,4.617,5.672,5.676,11.439,17.070
graph0178.hcp,5.053,5.771,3.791,17.235,*
graph0180.hcp,.314,.340,.332,64.411,*
graph0181.hcp,5.703,7.383,7.367,16.673,110.950
graph0182.hcp,.093,.088,.088,.649,59.170
graph0183.hcp,10.153,11.606,7.819,18.446,*
graph0184.hcp,4.351,5.702,5.712,12.388,13.110
graph0185.hcp,5.911,7.770,4.574,17.251,*
graph0186.hcp,6.277,7.101,7.129,13.900,27.570
graph0187.hcp,3.837,4.375,2.715,22.132,*
graph0189.hcp,2.973,3.958,3.804,17.166,34.200
graph0190.hcp,.112,.111,.112,.782,1.820
graph0191.hcp,2.928,3.885,2.941,18.551,*
graph0193.hcp,7.400,8.087,8.121,17.887,26.080
graph0194.hcp,6.396,7.267,5.235,18.142,*
graph0195.hcp,9.397,12.608,12.463,14.346,29.000
graph0196.hcp,.314,.347,.338,83.968,*
graph0197.hcp,12.132,13.829,9.278,20.685,*
graph0198.hcp,10.102,12.103,11.877,14.408,39.010
graph0201.hcp,4.061,5.153,5.306,19.899,*
graph0202.hcp,9.919,10.623,7.463,19.587,*
graph0203.hcp,.233,.239,.238,1.081,3.270
graph0204.hcp,4.573,6.139,6.181,14.985,29.780
graph0205.hcp,9.502,11.759,8.238,19.952,*
graph0206.hcp,2.768,4.368,4.391,16.115,111.090
graph0207.hcp,9.786,12.154,8.313,23.774,*
graph0208.hcp,5.720,7.839,7.780,18.062,52.340
graph0209.hcp,11.009,16.072,12.436,25.080,*
graph0210.hcp,5.898,6.119,6.198,17.393,36.520
graph0211.hcp,.283,.279,.279,.973,2.360
graph0212.hcp,17.866,21.184,13.488,33.620,*
graph0213.hcp,4.752,6.186,6.221,23.693,35.440
graph0214.hcp,17.595,20.569,14.473,26.340,*
graph0215.hcp,5.080,6.109,6.230,21.240,30.560
graph0216.hcp,.476,.514,.502,92.574,411.390
graph0217.hcp,7.238,8.743,5.241,24.717,*
graph0218.hcp,7.024,7.704,7.738,21.950,54.420
graph0219.hcp,.308,.310,.309,1.058,117.530
graph0220.hcp,.603,.625,.621,108.733,*
graph0221.hcp,13.182,14.805,10.296,28.405,*
graph0222.hcp,5.144,5.769,4.177,*,*
graph0225.hcp,12.552,16.347,16.307,26.588,44.960
graph0228.hcp,13.573,16.312,12.952,26.146,*
graph0229.hcp,5.999,9.579,9.581,30.114,37.270
graph0230.hcp,4.265,4.963,3.348,35.426,*
graph0231.hcp,8.374,11.380,11.289,39.345,31.290
graph0232.hcp,4.331,4.786,3.083,27.546,*
graph0233.hcp,.333,.336,.338,1.281,129.560
graph0234.hcp,2.968,3.310,2.550,*,*
graph0235.hcp,4.311,4.533,4.581,30.967,34.440
graph0237.hcp,8.249,9.985,6.498,35.112,*
graph0238.hcp,15.022,15.169,15.229,29.107,38.350
graph0239.hcp,14.323,15.393,10.163,40.237,*
graph0240.hcp,3.055,3.242,2.609,*,*
graph0241.hcp,18.909,22.189,22.092,27.005,69.310
graph0242.hcp,.523,.572,.555,138.061,*
graph0243.hcp,17.264,20.012,14.127,30.185,*
graph0245.hcp,18.912,21.233,21.191,25.553,40.190
graph0246.hcp,.180,.181,.181,1.323,155.520
graph0247.hcp,2.865,3.068,2.446,*,*
graph0248.hcp,27.893,32.922,21.714,36.959,*
graph0249.hcp,5.914,6.784,6.738,28.083,44.460
graph0252.hcp,13.976,14.546,9.936,47.258,*
graph0254.hcp,16.928,19.192,19.038,24.337,88.470
graph0256.hcp,.531,.591,.578,137.308,*
graph0259.hcp,17.170,20.341,13.593,42.370,*
graph0260.hcp,15.092,18.353,18.528,27.694,49.260
graph0261.hcp,.418,.419,.416,1.603,175.190
graph0262.hcp,6.248,6.680,4.665,35.320,*
graph0265.hcp,1.322,1.281,1.144,41.545,*
graph0266.hcp,11.259,12.837,12.975,27.655,54.300
graph0267.hcp,5.005,5.974,3.906,39.418,*
graph0269.hcp,11.973,15.070,15.086,34.878,37.830
graph0270.hcp,11.567,13.106,13.008,40.355,*
graph0273.hcp,22.295,28.101,19.684,50.535,*
graph0274.hcp,5.867,6.171,6.244,32.277,33.480
graph0275.hcp,.448,.497,.483,135.237,*
graph0276.hcp,17.805,19.831,12.417,39.555,*
graph0277.hcp,.223,.222,.223,1.675,3.610
graph0278.hcp,.562,.612,.601,112.898,*
graph0279.hcp,11.610,12.419,12.421,34.784,62.490
graph0280.hcp,18.406,22.418,16.787,*,*
graph0281.hcp,21.613,27.980,19.012,47.566,*
graph0282.hcp,11.930,12.583,12.820,36.446,41.410
graph0283.hcp,20.618,21.324,15.226,43.660,*
graph0285.hcp,6.973,7.304,7.337,51.944,99.080
graph0287.hcp,.740,.773,.754,181.136,*
graph0288.hcp,17.307,21.955,13.935,54.761,*
graph0291.hcp,11.872,12.735,12.821,49.280,54.630
graph0292.hcp,.248,.247,.247,1.856,7.210
graph0293.hcp,10.165,14.252,9.256,43.853,*
graph0296.hcp,14.605,18.065,18.005,38.380,75.920
graph0299.hcp,17.082,22.963,16.206,46.163,*
graph0301.hcp,.658,.717,.709,178.081,*
graph0302.hcp,19.004,22.035,21.888,42.072,67.300
graph0303.hcp,1.026,1.037,.933,57.615,*
graph0304.hcp,12.505,14.810,9.684,58.989,*
graph0305.hcp,6.472,8.071,8.006,35.685,48.340
graph0306.hcp,.551,.557,.554,2.374,280.180
graph0307.hcp,.676,.705,.692,190.790,*
graph0308.hcp,.585,.618,.609,149.167,*
graph0309.hcp,.616,.685,.677,153.506,*
graph0310.hcp,.740,.807,.781,244.228,*
graph0311.hcp,17.819,24.159,15.005,51.433,*
graph0312.hcp,25.398,28.460,28.672,49.207,56.750
graph0313.hcp,32.917,37.474,25.200,41.655,*
graph0314.hcp,19.500,22.904,23.199,47.142,64.310
graph0316.hcp,4.193,4.485,3.592,*,*
graph0317.hcp,35.488,43.400,29.766,50.175,*
graph0318.hcp,23.193,26.564,26.567,62.149,67.950
graph0319.hcp,5.288,5.797,4.509,*,*
graph0320.hcp,.765,.847,.823,184.993,*
graph0321.hcp,1.237,1.273,1.153,62.453,*
graph0322.hcp,4.028,4.595,3.123,57.912,*
graph0324.hcp,.296,.297,.297,2.045,229.530
graph0325.hcp,4.968,5.219,5.227,57.325,*
graph0326.hcp,24.320,29.174,29.111,40.492,170.310
graph0327.hcp,7.435,8.726,6.992,60.671,*
graph0329.hcp,9.122,10.884,10.919,46.106,70.430
graph0332.hcp,23.540,24.439,17.396,51.530,*
graph0333.hcp,3.525,3.736,2.993,*,*
graph0334.hcp,23.565,25.550,25.617,66.786,106.620
graph0337.hcp,.890,.979,.958,215.076,*
graph0338.hcp,.589,.662,.639,265.204,*
graph0339.hcp,18.926,22.710,15.289,57.100,*
graph0341.hcp,20.781,28.672,28.674,43.820,110.120
graph0342.hcp,.305,.308,.307,2.009,3.150
graph0343.hcp,4.819,5.213,4.003,*,*
graph0344.hcp,.580,.653,.641,249.341,*
graph0345.hcp,.576,.639,.624,292.825,*
graph0346.hcp,10.687,16.608,9.580,55.698,*
graph0347.hcp,6.128,7.566,7.510,52.141,70.050
graph0348.hcp,17.827,20.339,13.234,63.154,*
graph0349.hcp,19.488,20.943,21.179,41.496,70.110
graph0350.hcp,5.819,6.873,4.719,55.060,*
graph0351.hcp,.707,.759,.730,243.347,*
graph0352.hcp,19.242,24.461,24.398,48.432,88.360
graph0353.hcp,.340,.339,.338,2.305,8.050
graph0354.hcp,.877,.858,.843,235.303,*
graph0355.hcp,31.614,37.982,26.279,47.184,*
graph0356.hcp,7.253,8.312,8.350,47.349,326.410
graph0357.hcp,21.125,25.117,15.531,65.843,*
graph0358.hcp,4.552,4.380,4.388,74.780,*
graph0359.hcp,20.164,22.183,22.094,49.290,128.200
graph0360.hcp,20.315,22.570,16.664,75.683,*
graph0362.hcp,.840,.912,.881,275.555,*
graph0363.hcp,.842,.926,.881,242.579,*
graph0365.hcp,9.597,10.228,10.215,55.459,61.280
graph0366.hcp,19.751,27.429,19.275,78.498,*
graph0367.hcp,.745,.743,.746,2.640,4.840
graph0368.hcp,25.933,28.478,29.247,48.526,62.840
graph0371.hcp,25.008,31.614,21.543,65.231,*
graph0372.hcp,.843,.926,.897,257.990,*
graph0373.hcp,32.165,37.253,37.082,56.827,60.650
graph0374.hcp,8.180,10.415,6.907,83.881,*
graph0375.hcp,1.080,1.176,1.129,309.575,*
graph0376.hcp,.795,.872,.857,246.917,*
graph0377.hcp,.646,.720,.711,318.522,*
graph0378.hcp,29.777,35.820,35.781,52.895,77.800
graph0379.hcp,2.365,2.418,2.099,84.928,*
graph0380.hcp,7.887,10.687,6.489,74.752,*
graph0381.hcp,27.047,30.016,29.675,55.824,85.210
graph0382.hcp,.820,.821,.819,2.767,3.980
graph0383.hcp,7.449,7.756,6.078,*,*
graph0385.hcp,.806,.802,.781,282.501,*
graph0386.hcp,26.438,32.530,23.763,81.731,*
graph0387.hcp,38.566,42.402,42.218,49.582,73.570
graph0389.hcp,22.544,30.843,20.435,70.834,*
graph0390.hcp,17.802,20.882,20.343,62.144,64.240
graph0391.hcp,1.155,1.244,1.159,345.092,*
graph0393.hcp,24.951,28.232,18.211,77.411,*
graph0394.hcp,32.225,40.370,40.520,97.603,63.200
graph0395.hcp,.862,.858,.863,3.782,11.260
graph0396.hcp,35.719,38.852,29.142,89.512,*
graph0397.hcp,.748,.831,.837,322.917,*
graph0398.hcp,5.643,6.432,6.439,77.982,88.810
graph0399.hcp,29.600,38.593,24.881,89.895,*
graph0400.hcp,.828,.909,.889,333.984,*
graph0401.hcp,1.114,1.065,1.004,289.393,*
graph0403.hcp,3.542,3.570,3.016,88.088,*
graph0404.hcp,17.633,19.106,18.771,81.356,73.580
graph0405.hcp,2.169,2.194,1.926,83.621,*
graph0408.hcp,8.132,10.295,7.253,85.085,*
graph0410.hcp,23.429,28.010,27.880,62.971,122.630
graph0411.hcp,20.589,23.140,14.966,99.032,*
graph0413.hcp,.931,.937,.934,3.627,5.660
graph0414.hcp,.832,.883,.856,324.840,*
graph0415.hcp,15.621,17.607,17.701,61.131,109.470
graph0417.hcp,34.422,46.463,32.801,89.132,*
graph0420.hcp,15.300,18.452,18.610,93.867,116.420
graph0423.hcp,47.059,52.241,35.077,101.827,*
graph0426.hcp,7.002,7.726,6.124,*,*
graph0427.hcp,63.002,80.485,55.123,89.665,*
graph0428.hcp,22.036,23.890,23.730,100.285,*
graph0430.hcp,.466,.468,.466,3.415,6.330
graph0431.hcp,7.231,7.435,5.851,*,*
graph0432.hcp,8.536,9.834,6.996,*,*
graph0434.hcp,42.595,45.661,32.722,93.777,*
graph0437.hcp,.944,1.032,.998,312.670,*
graph0438.hcp,16.375,22.823,16.822,95.342,*
graph0439.hcp,.825,.902,.879,316.055,*
graph0441.hcp,11.012,11.751,9.317,*,*
graph0442.hcp,6.180,6.517,5.560,*,*
graph0443.hcp,.929,1.027,.997,381.518,*
graph0444.hcp,2.107,2.238,2.076,81.951,*
graph0445.hcp,46.872,53.569,37.568,91.167,*
graph0447.hcp,10.306,10.743,8.388,*,*
graph0449.hcp,1.063,1.043,1.049,4.049,7.730
graph0450.hcp,15.356,19.979,12.517,92.947,*
graph0453.hcp,.817,.904,.875,386.341,*
graph0454.hcp,28.234,35.522,35.862,86.618,117.850
graph0455.hcp,13.542,14.018,8.608,105.727,*
graph0457.hcp,2.669,2.728,2.458,97.589,*
graph0458.hcp,64.144,74.640,52.849,98.442,*
graph0459.hcp,7.959,8.264,6.315,*,*
graph0460.hcp,3.449,3.413,2.957,110.558,*
graph0461.hcp,46.588,56.870,41.064,96.002,*
graph0462.hcp,.520,.526,.525,3.843,*
graph0463.hcp,1.083,1.184,1.156,350.073,*
graph0464.hcp,5.586,6.478,4.382,123.521,*
graph0465.hcp,31.635,40.965,28.045,129.592,*
graph0466.hcp,1.016,1.085,1.026,435.571,*
graph0467.hcp,.954,1.043,1.004,389.688,*
graph0468.hcp,8.619,10.084,6.491,130.621,*
graph0469.hcp,1.175,1.179,1.172,4.430,*
graph0471.hcp,8.221,8.798,6.778,*,*
graph0472.hcp,29.383,34.687,24.544,102.283,*
graph0474.hcp,8.920,11.395,11.426,123.251,*
graph0475.hcp,1.011,1.094,1.049,424.661,*
graph0477.hcp,18.845,25.906,26.237,114.430,97.230
graph0478.hcp,54.516,64.504,48.370,121.527,*
graph0481.hcp,3.473,3.311,3.133,125.206,*
graph0482.hcp,3.659,3.677,3.170,122.793,*
graph0486.hcp,34.049,39.635,27.612,114.490,*
graph0487.hcp,1.181,1.254,1.230,500.997,*
graph0488.hcp,.591,.593,.597,4.378,*
graph0489.hcp,24.347,32.617,22.225,126.513,*
graph0490.hcp,7.417,7.812,6.467,*,*
graph0491.hcp,18.779,22.940,14.736,122.542,*
graph0492.hcp,24.556,31.753,31.469,127.999,*
graph0494.hcp,27.666,31.448,21.935,126.137,*
graph0495.hcp,.904,1.006,.977,540.245,*
graph0496.hcp,10.043,11.652,7.847,106.702,*
graph0497.hcp,1.314,1.317,1.314,4.882,*
graph0500.hcp,2.746,2.795,2.476,135.753,*
graph0501.hcp,31.834,31.007,22.050,119.931,*
graph0502.hcp,10.880,11.002,11.266,134.973,*
graph0503.hcp,3.157,3.261,2.871,140.776,*
graph0504.hcp,23.229,26.652,16.778,137.080,*
graph0505.hcp,7.169,7.564,6.104,*,*
graph0506.hcp,20.374,24.510,16.140,129.863,*
graph0507.hcp,1.395,1.386,1.386,6.551,*
graph0510.hcp,2.812,2.753,2.470,139.738,*
graph0511.hcp,23.264,28.474,13.674,128.057,*
graph0512.hcp,1.595,1.729,1.718,569.713,*
graph0514.hcp,36.962,39.417,25.316,146.851,*
graph0515.hcp,61.096,74.809,58.045,122.089,*
graph0516.hcp,.992,1.092,1.055,513.520,*
graph0517.hcp,15.585,18.392,18.360,143.053,*
graph0518.hcp,56.149,59.165,59.931,100.827,211.060
graph0520.hcp,1.213,1.342,1.308,488.926,*
graph0521.hcp,1.450,1.458,1.451,5.602,*
graph0522.hcp,30.885,38.461,25.816,166.890,*
graph0523.hcp,10.151,10.075,8.149,*,*
graph0524.hcp,30.698,38.727,24.732,155.675,*
graph0526.hcp,31.906,41.920,26.610,145.633,*
graph0527.hcp,12.005,12.413,9.292,*,*
graph0528.hcp,2.877,3.060,2.667,159.559,*
graph0529.hcp,29.997,31.207,22.937,134.546,*
graph0530.hcp,1.544,1.534,1.541,5.769,*
graph0531.hcp,3.577,3.628,3.132,167.224,*
graph0532.hcp,51.114,58.100,35.257,135.415,*
graph0535.hcp,3.410,3.419,2.955,181.020,*
graph0538.hcp,20.324,23.973,17.277,175.397,*
graph0540.hcp,9.193,10.081,7.489,*,*
graph0541.hcp,11.827,12.341,9.653,*,*
graph0542.hcp,18.513,21.518,13.361,146.826,*
graph0543.hcp,1.156,1.234,1.201,525.406,*
graph0544.hcp,3.221,3.324,3.009,161.800,*
graph0546.hcp,.760,.761,.765,5.669,5.550
graph0547.hcp,40.404,46.742,32.452,155.660,*
graph0548.hcp,3.073,3.155,2.840,151.464,*
graph0551.hcp,11.042,11.937,9.592,*,*
graph0552.hcp,18.464,20.315,12.606,153.306,*
graph0554.hcp,13.445,13.856,11.864,*,*
graph0556.hcp,20.655,27.794,28.024,128.231,187.430
graph0557.hcp,68.332,89.761,57.082,172.020,*
graph0558.hcp,1.696,1.690,1.695,6.353,*
graph0559.hcp,66.147,93.609,55.446,187.279,*
graph0560.hcp,76.769,77.888,50.836,*,*
graph0561.hcp,73.060,83.949,53.367,*,*
graph0562.hcp,99.492,103.590,66.268,*,*
graph0563.hcp,1.600,1.743,1.728,*,*
graph0565.hcp,15.002,15.552,11.506,*,*
graph0567.hcp,1.493,1.650,1.561,584.785,*
graph0568.hcp,41.290,50.520,33.814,178.257,*
graph0569.hcp,3.830,3.917,3.460,233.224,*
graph0571.hcp,5.947,6.335,5.221,*,*
graph0572.hcp,47.274,60.714,39.301,168.195,*
graph0576.hcp,61.732,79.014,51.345,167.637,*
graph0577.hcp,.841,.847,.850,6.072,13.570
graph0580.hcp,1.021,1.131,1.087,529.561,*
graph0581.hcp,13.864,17.363,17.425,191.915,*
graph0582.hcp,43.854,49.780,32.225,178.314,*
graph0583.hcp,4.704,4.871,4.147,189.814,*
graph0584.hcp,105.371,114.240,73.291,*,*
graph0585.hcp,86.846,90.211,56.363,*,*
graph0586.hcp,87.501,92.981,67.710,187.027,*
graph0587.hcp,17.408,18.291,14.629,*,*
graph0591.hcp,5.437,4.623,4.002,184.119,*
graph0594.hcp,56.779,64.143,47.861,172.477,*
graph0596.hcp,4.328,4.403,3.848,169.498,*
graph0597.hcp,1.855,1.865,1.865,8.569,22.270
graph0600.hcp,38.496,47.996,32.779,172.129,*
graph0602.hcp,41.450,48.055,48.175,149.185,271.550
graph0603.hcp,11.399,12.015,9.060,*,*
graph0604.hcp,7.843,8.848,6.936,*,*
graph0605.hcp,63.734,69.921,47.640,193.397,*
graph0608.hcp,4.082,4.197,3.400,206.452,*
graph0611.hcp,4.208,4.247,3.833,180.746,*
graph0612.hcp,162.810,179.058,124.395,*,*
graph0613.hcp,92.955,96.052,62.369,*,*
graph0614.hcp,116.427,153.954,92.007,*,*
graph0615.hcp,102.577,105.102,68.801,*,*
graph0617.hcp,88.619,96.312,65.349,166.707,*
graph0619.hcp,9.127,11.831,12.011,184.147,*
graph0620.hcp,1.937,1.938,1.944,7.215,10.860
graph0621.hcp,20.334,23.659,15.973,187.857,*
graph0622.hcp,12.292,11.902,9.861,*,*
graph0623.hcp,2.804,3.001,2.874,*,*
graph0625.hcp,1.195,1.315,1.277,*,*
graph0627.hcp,45.504,58.159,38.459,185.019,*
graph0630.hcp,28.880,32.099,32.509,201.879,*
graph0631.hcp,16.379,20.210,13.572,189.647,*
graph0634.hcp,4.448,4.409,3.888,191.619,*
graph0635.hcp,104.618,113.543,72.473,*,*
graph0636.hcp,38.641,52.165,36.845,188.510,*
graph0637.hcp,.942,.948,.948,6.671,*
graph0638.hcp,4.995,5.217,4.519,190.635,*
graph0639.hcp,106.440,122.771,84.906,196.270,*
graph0640.hcp,1.554,1.747,1.687,*,*
graph0641.hcp,12.588,12.953,10.300,*,*
graph0643.hcp,43.662,47.092,34.026,197.650,*
graph0644.hcp,13.542,14.333,11.005,*,*
graph0645.hcp,12.534,13.345,10.440,*,*
graph0646.hcp,15.826,15.883,11.941,*,*
graph0649.hcp,20.501,23.589,23.392,243.303,*
graph0650.hcp,.994,1.004,1.006,7.271,10.680
graph0652.hcp,32.743,37.954,37.004,219.140,*
graph0653.hcp,97.413,104.228,74.506,*,*
graph0654.hcp,180.664,192.036,120.022,*,*
graph0656.hcp,1.304,1.429,1.472,*,*
graph0658.hcp,18.297,18.502,14.577,*,*
graph0659.hcp,15.991,15.632,11.752,*,*
graph0660.hcp,20.493,22.255,15.811,*,*
graph0661.hcp,37.468,40.288,40.173,232.604,*
graph0665.hcp,2.221,2.219,2.234,8.220,25.630
graph0667.hcp,5.312,5.281,4.536,243.398,*
graph0670.hcp,150.597,163.944,101.235,*,*
graph0672.hcp,5.085,5.121,4.505,226.933,*
graph0673.hcp,4.233,4.348,3.903,223.868,*
graph0674.hcp,2.303,2.307,2.307,7.951,20.500
graph0675.hcp,1.297,1.427,1.390,*,*
graph0676.hcp,10.880,11.294,8.801,212.965,*
graph0680.hcp,1.585,1.723,1.685,*,*
graph0682.hcp,7.576,7.847,6.539,286.744,*
graph0684.hcp,165.935,193.424,124.365,*,*
graph0685.hcp,2.512,2.554,2.526,11.965,20.970
graph0686.hcp,5.934,5.956,4.881,218.047,*
graph0688.hcp,2.370,2.675,2.592,*,*
graph0689.hcp,2.488,2.656,2.534,*,*
graph0690.hcp,6.213,6.229,5.194,196.404,*
graph0691.hcp,9.548,9.675,8.071,258.123,*
graph0695.hcp,21.480,23.668,17.024,*,*
graph0697.hcp,3.235,3.386,3.293,*,*
graph0698.hcp,2.179,2.394,2.291,*,*
graph0700.hcp,1.154,1.169,1.167,8.279,14.870
graph0702.hcp,6.010,6.001,5.127,251.700,*
graph0704.hcp,1.906,1.912,1.874,*,*
graph0707.hcp,14.894,20.058,19.837,269.238,*
graph0708.hcp,1.516,1.639,1.606,*,*
graph0711.hcp,1.222,1.225,1.229,10.099,28.460
graph0713.hcp,21.071,22.325,16.269,*,*
graph0714.hcp,6.406,6.270,6.249,*,*
graph0716.hcp,6.796,7.145,6.297,290.100,*
graph0719.hcp,14.278,15.294,11.380,*,*
graph0720.hcp,14.001,15.687,11.813,*,*
graph0721.hcp,5.214,5.178,4.489,274.529,*
graph0723.hcp,2.058,2.075,2.042,*,*
graph0728.hcp,30.861,38.578,38.823,279.871,*
graph0729.hcp,2.731,2.746,2.732,10.604,35.250
graph0732.hcp,28.686,33.014,25.970,*,*
graph0733.hcp,1.279,1.441,1.402,*,*
graph0735.hcp,1.546,1.701,1.662,*,*
graph0737.hcp,8.245,8.682,6.978,322.746,*
graph0739.hcp,2.846,2.855,2.856,10.941,26.630
graph0743.hcp,25.590,26.464,20.370,*,*
graph0745.hcp,2.815,3.006,2.928,*,*
graph0746.hcp,631.261,619.601,381.351,*,*
graph0747.hcp,34.781,41.858,41.557,223.121,185.770
graph0748.hcp,2.409,2.516,2.343,*,*
graph0749.hcp,1.351,1.358,1.362,9.693,39.350
graph0750.hcp,1.782,1.931,1.783,*,*
graph0751.hcp,15.041,16.811,12.815,*,*
graph0757.hcp,1.472,1.633,1.595,*,*
graph0758.hcp,7.814,6.943,6.444,296.776,*
graph0759.hcp,5.987,5.687,5.167,337.478,*
graph0760.hcp,46.169,55.819,55.626,278.880,*
graph0762.hcp,15.089,16.250,12.028,*,*
graph0777.hcp,18.275,19.492,15.278,*,*
graph0778.hcp,17.468,16.974,13.069,*,*
graph0779.hcp,1.581,1.779,1.713,*,*
graph0782.hcp,42.022,53.304,55.357,301.346,*
graph0784.hcp,70.793,91.485,91.177,334.568,*
graph0786.hcp,2.428,2.585,2.513,*,*
graph0790.hcp,19.083,20.222,15.165,*,*
graph0791.hcp,18.902,19.400,14.986,*,*
graph0792.hcp,50.826,66.117,63.251,343.901,242.050
graph0797.hcp,18.989,19.617,15.284,*,*
graph0802.hcp,1.692,1.823,1.673,*,*
graph0804.hcp,37.241,43.471,44.834,372.520,*
graph0808.hcp,2.371,2.469,2.431,*,*
graph0814.hcp,1.608,1.782,1.728,*,*
graph0816.hcp,29.125,33.892,34.839,361.873,*
graph0817.hcp,2.951,3.095,3.276,*,*
graph0818.hcp,41.941,50.134,50.048,381.924,*
graph0828.hcp,38.726,42.473,41.512,286.683,275.090
graph0830.hcp,11.453,12.418,9.701,*,*
graph0833.hcp,1.761,1.900,1.847,*,*
graph0836.hcp,26.521,27.911,21.606,*,*
graph0844.hcp,10.046,10.735,8.778,*,*
graph0845.hcp,2.370,2.431,2.218,*,*
graph0847.hcp,2.737,3.050,3.030,*,*
graph0849.hcp,55.988,61.644,60.455,433.988,*
graph0852.hcp,38.892,43.544,47.097,298.982,281.720
graph0859.hcp,2.332,2.425,2.493,*,*
graph0863.hcp,21.264,22.269,17.452,*,*
graph0864.hcp,105.901,128.803,129.063,350.054,314.230
graph0865.hcp,50.930,64.669,64.445,441.016,*
graph0875.hcp,4.270,5.213,5.113,*,*
graph0876.hcp,1.744,1.841,1.781,*,*
graph0877.hcp,49.701,60.697,60.416,481.560,*
graph0901.hcp,38.631,39.676,39.983,526.861,*
graph0905.hcp,28.040,31.081,23.954,*,*
graph0923.hcp,95.353,120.921,120.610,444.694,551.240
graph0924.hcp,58.478,73.231,69.893,586.777,*
graph0927.hcp,37.132,38.111,38.191,*,*
graph0945.hcp,119.697,143.039,144.765,462.915,*
graph0947.hcp,128.733,143.144,142.427,467.181,565.420
graph0949.hcp,72.272,78.874,80.653,*,*
graph0950.hcp,196.572,206.482,124.641,*,*
graph0955.hcp,32.923,33.748,27.857,*,*
graph0957.hcp,61.589,75.718,76.943,*,*
graph0963.hcp,206.022,206.191,141.695,*,*
graph0964.hcp,171.926,246.110,232.269,510.659,*
graph0970.hcp,89.056,104.611,105.389,*,*
graph0975.hcp,251.222,295.854,184.625,*,*
graph0979.hcp,101.281,106.534,106.168,*,*
graph0980.hcp,120.642,136.620,136.366,*,*
graph0982.hcp,241.983,258.890,153.293,*,*
graph0984.hcp,40.265,42.765,33.170,*,*
graph0988.hcp,82.228,89.308,89.140,*,*
graph0990.hcp,489.799,546.892,361.082,*,*
graph0991.hcp,175.452,181.839,183.413,*,*
graph0996.hcp,62.005,77.295,58.872,*,*
graph0997.hcp,150.419,169.316,168.648,*,*
graph0999.hcp,73.682,88.555,88.870,*,*
